title,price,rating,reviews,availability
"365 by Whole Foods Market, Vanilla Grass Fed Whey Protein, 18 Ounce",,4.2 out of 5 stars,346 ratings,Not Available
"Levels Grass Fed Whey Protein, No Artificials, 25G of Protein, Unflavored, 5LB",,4.5 out of 5 stars,"14,248 ratings",Not Available
"Myprotein Impact Whey Protein, Chocolate Brownie, 2.2 lb (USA)",,4.4 out of 5 stars,"9,523 ratings",Not Available
"365 by Whole Foods Market, Chocolate Whey Protein Isolate, 16.9 Ounce",,4.3 out of 5 stars,311 ratings,Not Available
"ALLMAX Nutrition AllWhey Classic, Chocolate, 5lb",,4.4 out of 5 stars,423 ratings,Not Available
ONNIT Grass Fed Whey Isolate Protein - Mexican Chocolate (20 Servings),,4.6 out of 5 stars,322 ratings,Not Available
"PERFECT Sports, Diesel 100% New Zealand Whey Isolate, Grass-Fed & Pasture Raised 5LB Chocolate Wafer Crisp",,4.4 out of 5 stars,10 ratings,Not Available
"ALLMAX ISONATURAL Whey Protein Isolate, Chocolate - 5 lb - 27 Grams of Protein Per Scoop - Zero Fat & Sugar - 99% Lactose Free - with Prebiotics - No Artificial Flavors - Approx. 73 Servings",,4.6 out of 5 stars,610 ratings,Not Available
"LEGION Whey+ Whey Isolate Protein Powder from Grass Fed Cows - Low Carb, Low Calorie, Non-GMO, Lactose Free, Gluten Free, Sugar Free, All Natural Whey Protein Isolate, 5 Pounds (Cookies & Cream)",,4.4 out of 5 stars,83 ratings,Not Available
Vanilla Whey Protein Isolate Cold-Filtration - 100% Whey Protein Powder - 27g Protein per Serving - Mixes Easily and Tastes Great - Third Party Tested - French Vanilla - 5lbs,,4.4 out of 5 stars,334 ratings,Not Available
"Optimum Nutrition 100% Gold Standard Whey Protein Powder: Double Rich Chocolate (5 Pound) with Micronized Creatine Monohydrate Powder, Unflavored (120 Servings) - Bundle Pack",,4.4 out of 5 stars,148 ratings,Not Available
GNC AMP Sustained Protein Blend | Targeted Muscle Building and Exercise Formula | 4 Protein Sources with Rapid & Sustained Release | Gluten Free | Chocolate Milkshake | 28 Servings,,4.5 out of 5 stars,"1,996 ratings",Not Available
GNC AMP Wheybolic 40 | Meal Replacement Shake | Vanilla | 12 Count,,4.0 out of 5 stars,103 ratings,Not Available
"True Nutrition 5LBS Unflavored Whey Protein Concentrate Protein Powder - High Protein, Low Carb, Low Fat",,5.0 out of 5 stars,7 ratings,Not Available
"Primal Kitchen Primal Fuel Chocolate Coconut Whey Protein Powder, Gluten and Soy Free, 1.94 Pounds",,4.3 out of 5 stars,"1,450 ratings",Only 2 left in stock - order soon.
"Simply tera's Pure whey Protein Powder, Family Size Bourbon Vanilla Flavor (Package May Vary)",,4.3 out of 5 stars,732 ratings,Not Available
"Optimum Nutrition ON Gold Standard 100% Whey Protein Primary Source Isolate - Double Rich Chocolate, 5 Lbs+ ON Gold Standard 100% Whey Protein Primary Source Isolate - Double Rich Chocolate, 2 Lbs",,Previous page of related Sponsored Products,,Not Available
"Bluebonnet Nutrition Whey & Casein Protein Powder, Whey from Grass Fed Cows, 26 Grams of Protein, No Sugar Added, Non GMO, Gluten Free, Soy Free, Kosher, 2.1 lbs, 28 Serving, French Vanilla Flavor",,4.5 out of 5 stars,202 ratings,Not Available
"SHAKESPHERE Tumbler STEEL: Protein Shaker Bottle Keeps Hot Drinks HOT & Cold Drinks COLD, 24 oz. No Blending Ball or Whisk Needed, Easy Clean Up Great for Shakes, Smoothies",,4.0 out of 5 stars,"1,305 ratings",Only 9 left in stock - order soon.
Meal Replacement Protein Light - Light Whole Food Meal Replacement Protein Powder (Chocolate - 25 Servings),,5.0 out of 5 stars,2 ratings,Usually ships within 1 to 2 months
"ONMYWHEY Protein Powder Container to Go - Travel Water Bottle Funnel for Mixes, Portable Pre Workout Supplement Containers & Dispenser Funnels, Mini Preworkout Supplements Holder Keychain Bottles",,4.4 out of 5 stars,39 ratings,In Stock
Capiche [99+ Variations] Special Series Snapback Cap - One Size - Unisex - Men,,4.7 out of 5 stars,628 ratings,In Stock
